﻿<?xml version="1.0" encoding="UTF-8" standalone="yes"?>
<addon id="plugin.video.cnet.podcasts"
       name="CNET Podcasts"
       version="1.1.1"
       provider-name="Skipmode A1">
  <requires>
    <import addon="xbmc.python" version="2.1.0"/>
    <import addon="script.module.beautifulsoup4" version="4.3.1"/>
    <import addon="script.module.xmltodict" version="0.7.0"/>
    <import addon="script.common.plugin.cache" version="2.5.2"/>
  </requires>
  <extension point="xbmc.python.pluginsource" library="default.py">
    <provides>video</provides>
  </extension>
  <extension point="xbmc.addon.metadata">
	<summary lang="en">CNET Podcast Central</summary>
	<description lang="en">www.cnet.com/who-we-are/[CR]CNET shows you the exciting possibilities of how technology can enhance and enrich your life. We provide you with information, tools, and advice that help you decide what to buy and how to get the most out of your tech.
    </description>
	<disclaimer lang="en">For bugs, requests or general questions visit the XBMC forum.</disclaimer>
    <language>en</language>
    <platform>all</platform>
    <license>GNU GENERAL PUBLIC LICENSE. Version 2, June 1991</license>
    <forum></forum>
    <website>http://www.cnet.com/cnet-podcasts/</website>
    <email></email>
    <source>git://github.com/skipmodea1/plugin.video.cnet.podcasts.git</source>
  </extension>
</addon>